"Date","Price","Open","High","Low","Vol.","Change %"
"06/24/2026","57.58","49.37","57.58","49.37","1.06M","19.98%"
"06/23/2026","47.99","49.00","49.89","47.85","77.03K","-1.15%"
"06/22/2026","48.55","48.70","49.10","47.88","62.47K","-0.29%"
"06/21/2026","48.69","49.40","50.20","48.57","51.54K","-0.18%"
"06/17/2026","48.78","49.00","50.00","47.80","93.78K","0.81%"
"06/16/2026","48.39","47.00","52.99","46.33","488.89K","4.42%"
"06/15/2026","46.34","47.56","47.56","46.00","68.33K","-1.03%"
"06/14/2026","46.82","48.00","48.54","46.60","51.00K","0.32%"
"06/11/2026","46.67","46.51","48.00","46.51","65.05K","-1.97%"
"06/10/2026","47.61","48.87","50.90","47.51","348.47K","-0.48%"
"06/09/2026","47.84","46.95","50.00","46.50","201.82K","4.45%"
"06/08/2026","45.80","46.47","47.32","45.47","105.51K","-1.40%"
"06/07/2026","46.45","47.85","48.50","46.30","107.84K","-2.89%"
"06/04/2026","47.83","48.01","48.77","47.72","73.56K","-0.06%"
"06/03/2026","47.86","48.52","49.78","47.50","86.34K","-2.25%"
"06/02/2026","48.96","49.55","49.84","47.55","38.04K","0.29%"
"06/01/2026","48.82","48.99","50.85","47.74","110.71K","1.27%"
"05/25/2026","48.21","51.00","51.00","48.11","177.14K","-5.58%"
"05/24/2026","51.06","51.99","52.99","50.00","179.08K","-1.79%"
"05/21/2026","51.99","52.58","52.58","51.00","45.60K","1.15%"
"05/20/2026","51.40","53.07","53.93","51.06","78.27K","-3.07%"
"05/19/2026","53.03","53.16","55.05","53.00","204.24K","-0.04%"
"05/18/2026","53.05","55.80","56.89","52.30","84.21K","-5.25%"
"05/17/2026","55.99","57.00","58.80","55.60","182.74K","-0.81%"
"05/14/2026","56.45","55.50","59.79","55.50","351.31K","3.16%"
"05/13/2026","54.72","55.00","56.39","54.15","109.65K","-1.28%"
"05/12/2026","55.43","56.01","56.79","54.27","164.46K","-0.91%"
"05/11/2026","55.94","55.87","56.50","55.25","46.71K","0.36%"
"05/10/2026","55.74","55.00","57.01","55.00","97.01K","1.35%"
"05/06/2026","55.00","56.00","57.18","54.97","209.10K","-1.49%"
"05/05/2026","55.83","53.00","56.90","52.70","377.38K","4.85%"
"05/04/2026","53.25","49.70","57.80","49.50","1.45M","7.14%"
"05/03/2026","49.70","48.00","49.80","47.61","438.04K","6.88%"
"04/30/2026","46.50","45.90","46.96","45.70","242.60K","2.38%"
"04/29/2026","45.42","45.50","45.90","45.10","44.20K","-0.46%"
"04/28/2026","45.63","45.40","46.25","45.16","67.01K","0.88%"
"04/27/2026","45.23","45.04","45.75","44.93","106.88K","0.31%"
"04/26/2026","45.09","44.77","45.98","44.77","47.26K","0.80%"
"04/23/2026","44.73","45.30","45.70","44.34","37.44K","-0.78%"
"04/22/2026","45.08","44.52","46.00","44.10","202.68K","1.17%"
"04/21/2026","44.56","45.19","45.86","44.32","48.14K","-0.02%"
"04/20/2026","44.57","45.45","45.45","44.50","42.57K","-1.09%"
"04/19/2026","45.06","46.14","46.80","45.00","40.98K","-3.03%"
"04/16/2026","46.47","46.35","47.89","46.27","155.48K","0.06%"
"04/15/2026","46.44","45.49","47.25","45.49","198.42K","3.09%"
"04/14/2026","45.05","44.60","45.69","44.01","110.64K","1.81%"
"04/12/2026","44.25","44.58","44.25","44.25","30.18K","0.00%"
"04/09/2026","44.25","44.60","45.30","43.60","30.18K","-0.74%"
"04/08/2026","44.58","44.48","45.40","44.31","44.33K","0.81%"
"04/07/2026","44.22","44.46","45.30","44.11","72.56K","-0.54%"
"04/06/2026","44.46","44.26","45.00","44.06","46.13K","0.50%"
"04/05/2026","44.24","44.60","45.95","44.21","163.36K","0.20%"
"04/02/2026","44.15","42.32","44.80","42.17","271.03K","4.40%"
"04/01/2026","42.29","42.94","42.94","42.26","19.37K","-0.02%"
"03/31/2026","42.30","42.95","42.95","42.15","16.10K","-0.35%"
"03/30/2026","42.45","43.00","43.30","42.12","55.34K","-1.28%"
"03/29/2026","43.00","42.51","43.80","42.30","98.14K","1.51%"
"03/26/2026","42.36","42.20","43.50","42.20","89.94K","0.50%"
"03/25/2026","42.15","42.29","42.78","42.01","19.14K","0.33%"
"03/24/2026","42.01","42.20","42.60","41.88","51.17K","-0.17%"
"03/18/2026","42.08","42.20","42.60","42.00","30.48K","-0.07%"
"03/17/2026","42.11","42.20","43.00","41.58","53.08K","-0.33%"
"03/16/2026","42.25","43.42","43.50","41.53","53.96K","-1.74%"
"03/15/2026","43.00","41.99","43.20","40.51","107.88K","3.09%"
"03/12/2026","41.71","41.87","42.29","41.33","33.84K","-0.43%"
"03/11/2026","41.89","43.29","43.67","41.20","70.59K","-2.13%"
"03/10/2026","42.80","41.25","43.90","40.43","234.29K","5.91%"
"03/09/2026","40.41","41.39","41.39","40.20","25.73K","-1.70%"
"03/08/2026","41.11","41.30","41.64","40.21","22.14K","1.38%"
"03/05/2026","40.55","40.94","40.97","40.00","40.76K","1.71%"
"03/04/2026","39.87","40.82","41.30","39.16","19.41K","-1.43%"
"03/03/2026","40.45","39.20","41.50","38.60","92.04K","2.35%"
"03/02/2026","39.52","37.42","40.80","37.42","59.56K","4.38%"
"03/01/2026","37.86","37.06","38.49","36.63","38.12K","-3.81%"
"02/26/2026","39.36","39.00","41.49","38.11","120.22K","0.92%"
"02/25/2026","39.00","41.14","41.29","39.00","61.73K","-5.50%"
"02/24/2026","41.27","41.44","41.99","40.98","25.15K","0.66%"
"02/23/2026","41.00","40.79","41.88","40.00","41.91K","0.51%"
"02/22/2026","40.79","42.90","42.90","40.11","129.35K","-5.03%"
"02/19/2026","42.95","43.70","44.38","42.81","25.06K","-1.56%"
"02/18/2026","43.63","44.20","44.45","43.53","18.51K","-1.04%"
"02/17/2026","44.09","44.00","44.65","43.90","45.44K","-0.27%"
"02/16/2026","44.21","44.72","45.15","44.00","61.38K","-1.47%"
"02/15/2026","44.87","44.24","45.44","44.24","34.88K","-0.13%"
"02/12/2026","44.93","45.25","45.25","43.71","41.89K","0.47%"
"02/11/2026","44.72","43.91","45.74","43.71","206.74K","1.94%"
"02/10/2026","43.87","43.69","44.40","42.96","142.52K","2.14%"
"02/09/2026","42.95","43.82","43.90","42.77","45.63K","-0.74%"
"02/08/2026","43.27","43.70","43.99","42.70","104.28K","0.60%"
"02/05/2026","43.01","43.27","43.75","42.81","47.65K","-0.60%"
"02/04/2026","43.27","42.84","44.40","42.61","153.49K","1.74%"
"02/03/2026","42.53","42.75","43.77","42.40","120.13K","-0.51%"
"02/02/2026","42.75","42.25","43.18","42.25","56.30K","1.35%"
"02/01/2026","42.18","41.40","43.20","41.40","53.56K","1.35%"
"01/28/2026","41.62","43.79","43.79","41.22","75.43K","-3.28%"
"01/27/2026","43.03","42.37","44.15","42.37","172.31K","1.63%"
"01/26/2026","42.34","43.02","44.80","42.18","154.68K","-1.58%"
"01/25/2026","43.02","44.05","44.48","42.71","87.33K","-2.47%"
"01/22/2026","44.11","45.00","45.70","44.00","132.43K","-1.78%"
"01/21/2026","44.91","46.00","47.48","44.16","300.16K","-1.32%"
"01/20/2026","45.51","42.60","47.50","41.89","739.92K","8.67%"
"01/19/2026","41.88","41.90","43.20","41.79","144.76K","1.87%"
"01/18/2026","41.11","41.00","42.00","40.10","29.24K","1.76%"
"01/15/2026","40.40","41.01","42.78","40.03","99.91K","-1.80%"
"01/14/2026","41.14","43.49","43.49","40.65","150.85K","-3.15%"
"01/13/2026","42.48","44.61","44.98","42.30","125.29K","-4.77%"
"01/12/2026","44.61","45.15","46.00","44.55","132.18K","-0.91%"
"01/11/2026","45.02","46.40","46.68","44.55","65.73K","-2.87%"
"01/08/2026","46.35","47.49","47.92","46.26","85.50K","-1.38%"
"01/06/2026","47.00","45.90","48.35","45.85","241.35K","2.55%"
"01/05/2026","45.83","46.40","47.24","45.50","66.09K","-0.93%"
"01/04/2026","46.26","47.85","48.78","44.47","149.85K","-3.26%"